{
  "feature_names": [
    "eyeLookDownLeft",
    "noseSneerLeft",
    "eyeLookInLeft",
    "browInnerUp",
    "browDownRight",
    "mouthClose",
    "mouthLowerDownRight",
    "jawOpen",
    "mouthUpperUpRight",
    "mouthShrugUpper",
    "mouthFunnel",
    "eyeLookInRight",
    "eyeLookDownRight",
    "noseSneerRight",
    "mouthRollUpper",
    "jawRight",
    "browDownLeft",
    "mouthShrugLower",
    "mouthRollLower",
    "mouthSmileLeft",
    "mouthPressLeft",
    "mouthSmileRight",
    "mouthPressRight",
    "mouthDimpleRight",
    "mouthLeft",
    "jawForward",
    "eyeSquintLeft",
    "mouthFrownLeft",
    "eyeBlinkLeft",
    "cheekSquintLeft",
    "browOuterUpLeft",
    "eyeLookUpLeft",
    "jawLeft",
    "mouthStretchLeft",
    "mouthPucker",
    "eyeLookUpRight",
    "browOuterUpRight",
    "cheekSquintRight",
    "eyeBlinkRight",
    "mouthUpperUpLeft",
    "mouthFrownRight",
    "eyeSquintRight",
    "mouthStretchRight",
    "cheekPuff",
    "eyeLookOutLeft",
    "eyeLookOutRight",
    "eyeWideRight",
    "eyeWideLeft",
    "mouthRight",
    "mouthDimpleLeft",
    "mouthLowerDownLeft",
    "tongueOut"
  ],
  "num_features": 52,
  "num_classes": 7,
  "class_names": [
    "anger",
    "disgust",
    "fear",
    "happy",
    "neutral",
    "sad",
    "surprise"
  ],
  "scaler_mean": [
    0.03726083588833306,
    0.2662453767952235,
    0.07708644505405841,
    0.18087815071808938,
    0.1624400677747297,
    0.09838283040180733,
    0.1659441019848314,
    0.09502554461836372,
    0.21834968533161203,
    0.15833727610133932,
    0.05951854122962724,
    0.09824883007907052,
    0.03726688720348555,
    0.262977618202356,
    0.002024108439567533,
    0.005555268678392771,
    0.1624400677747297,
    0.14273437147006615,
    0.04168686461190898,
    0.1728681942875585,
    0.11238031305470386,
    0.15513888978538004,
    0.07177269646603195,
    0.05460885912538325,
    0.019488236243343553,
    0.006657188962401163,
    0.033794255284815236,
    0.12365833467807004,
    0.11941150556720993,
    0.08061650798773601,
    0.18087815071808938,
    0.19873737292238178,
    0.007457818299177021,
    0.00911444247216395,
    0.05510350169436824,
    0.19871315152493144,
    0.18087815071808938,
    0.09691407132483458,
    0.11550495401000484,
    0.21819624011618524,
    0.1227704211715346,
    0.03928997902210747,
    0.005392802969178635,
    0.03110876230434081,
    0.09825045989995158,
    0.07709147974826529,
    0.19745822172018718,
    0.19745822172018718,
    0.024238163627561725,
    0.05105336453122479,
    0.17218676779086656,
    0.0
  ],
  "scaler_std": [
    0.04623262825038058,
    0.17594542250145806,
    0.09706404708722416,
    0.20384519304458812,
    0.2287701385635762,
    0.03951345980081741,
    0.23774063269841858,
    0.16772380443032348,
    0.19665045363604747,
    0.1508849203900132,
    0.07625352218046728,
    0.10852464276291868,
    0.046230724745363314,
    0.15944293524362735,
    0.005648546436340361,
    0.009589149410938944,
    0.2287701385635762,
    0.19408388440079583,
    0.07224204752647895,
    0.19278731585926445,
    0.1624534334133522,
    0.18407721215156944,
    0.10161986628854866,
    0.09374403455917774,
    0.01012731327492594,
    0.012494506730553467,
    0.02348437216360473,
    0.13542953789953208,
    0.157872578122267,
    0.06436993034849181,
    0.20384519304458812,
    0.15057866663843264,
    0.016656135526777065,
    0.02994693531146004,
    0.1100126048450282,
    0.15055942327991825,
    0.20384519304458812,
    0.07202912002455741,
    0.15440481612267482,
    0.19789072765228982,
    0.13224293239710436,
    0.02543978258463324,
    0.01577385772550153,
    0.030872608979279507,
    0.10853290644638194,
    0.09706103120024756,
    0.23733206269587012,
    0.23733206269587012,
    0.018938252280386026,
    0.09145592998617001,
    0.24270471485205689,
    1.0
  ]
}